"<record model=""res.partner"" id=""gemeinde", 80414, """><field name=""member_of_city_alliance"">True</field></record>", True, "<record model=""res.partner"" id=""gemeinde80414""><field name=""member_of_city_alliance"">True</field></record>", , Rankweil                       , 80414
"<record model=""res.partner"" id=""gemeinde", 80408, """><field name=""member_of_city_alliance"">True</field></record>", True, "<record model=""res.partner"" id=""gemeinde80408""><field name=""member_of_city_alliance"">True</field></record>", , Götzis                         , 80408
"<record model=""res.partner"" id=""gemeinde", 80404, """><field name=""member_of_city_alliance"">True</field></record>", True, "<record model=""res.partner"" id=""gemeinde80404""><field name=""member_of_city_alliance"">True</field></record>", , Feldkirch                      , 80404
"<record model=""res.partner"" id=""gemeinde", 80303, """><field name=""member_of_city_alliance"">True</field></record>", True, "<record model=""res.partner"" id=""gemeinde80303""><field name=""member_of_city_alliance"">True</field></record>", , Lustenau                       , 80303
"<record model=""res.partner"" id=""gemeinde", 80302, """><field name=""member_of_city_alliance"">True</field></record>", True, "<record model=""res.partner"" id=""gemeinde80302""><field name=""member_of_city_alliance"">True</field></record>", , Hohenems                       , 80302
"<record model=""res.partner"" id=""gemeinde", 80301, """><field name=""member_of_city_alliance"">True</field></record>", True, "<record model=""res.partner"" id=""gemeinde80301""><field name=""member_of_city_alliance"">True</field></record>", , Dornbirn                       , 80301
"<record model=""res.partner"" id=""gemeinde", 80224, """><field name=""member_of_city_alliance"">True</field></record>", True, "<record model=""res.partner"" id=""gemeinde80224""><field name=""member_of_city_alliance"">True</field></record>", , Lauterach                      , 80224
"<record model=""res.partner"" id=""gemeinde", 80215, """><field name=""member_of_city_alliance"">True</field></record>", True, "<record model=""res.partner"" id=""gemeinde80215""><field name=""member_of_city_alliance"">True</field></record>", , Hard                           , 80215
"<record model=""res.partner"" id=""gemeinde", 80207, """><field name=""member_of_city_alliance"">True</field></record>", True, "<record model=""res.partner"" id=""gemeinde80207""><field name=""member_of_city_alliance"">True</field></record>", , Bregenz                        , 80207
"<record model=""res.partner"" id=""gemeinde", 80103, """><field name=""member_of_city_alliance"">True</field></record>", True, "<record model=""res.partner"" id=""gemeinde80103""><field name=""member_of_city_alliance"">True</field></record>", , Bludenz                        , 80103
"<record model=""res.partner"" id=""gemeinde", 70926, """><field name=""member_of_city_alliance"">True</field></record>", True, "<record model=""res.partner"" id=""gemeinde70926""><field name=""member_of_city_alliance"">True</field></record>", , Schwaz                         , 70926
"<record model=""res.partner"" id=""gemeinde", 70917, """><field name=""member_of_city_alliance"">True</field></record>", True, "<record model=""res.partner"" id=""gemeinde70917""><field name=""member_of_city_alliance"">True</field></record>", , Jenbach                        , 70917
"<record model=""res.partner"" id=""gemeinde", 70828, """><field name=""member_of_city_alliance"">True</field></record>", True, "<record model=""res.partner"" id=""gemeinde70828""><field name=""member_of_city_alliance"">True</field></record>", , Reutte                         , 70828
"<record model=""res.partner"" id=""gemeinde", 70716, """><field name=""member_of_city_alliance"">True</field></record>", True, "<record model=""res.partner"" id=""gemeinde70716""><field name=""member_of_city_alliance"">True</field></record>", , Lienz                          , 70716
"<record model=""res.partner"" id=""gemeinde", 70614, """><field name=""member_of_city_alliance"">True</field></record>", True, "<record model=""res.partner"" id=""gemeinde70614""><field name=""member_of_city_alliance"">True</field></record>", , Landeck                        , 70614
"<record model=""res.partner"" id=""gemeinde", 70615, """><field name=""member_of_city_alliance"">True</field></record>", True, "<record model=""res.partner"" id=""gemeinde70614""><field name=""member_of_city_alliance"">True</field></record>", , Wörgl                          , 70531
"<record model=""res.partner"" id=""gemeinde", 70616, """><field name=""member_of_city_alliance"">True</field></record>", True, "<record model=""res.partner"" id=""gemeinde70614""><field name=""member_of_city_alliance"">True</field></record>", , Kufstein                       , 70513
"<record model=""res.partner"" id=""gemeinde", 70617, """><field name=""member_of_city_alliance"">True</field></record>", True, "<record model=""res.partner"" id=""gemeinde70614""><field name=""member_of_city_alliance"">True</field></record>", , Kitzbühel                      , 70411
"<record model=""res.partner"" id=""gemeinde", 70618, """><field name=""member_of_city_alliance"">True</field></record>", True, "<record model=""res.partner"" id=""gemeinde70614""><field name=""member_of_city_alliance"">True</field></record>", , Wattens                        , 70367
"<record model=""res.partner"" id=""gemeinde", 70619, """><field name=""member_of_city_alliance"">True</field></record>", True, "<record model=""res.partner"" id=""gemeinde70614""><field name=""member_of_city_alliance"">True</field></record>", , Telfs                          , 70357
"<record model=""res.partner"" id=""gemeinde", 70620, """><field name=""member_of_city_alliance"">True</field></record>", True, "<record model=""res.partner"" id=""gemeinde70614""><field name=""member_of_city_alliance"">True</field></record>", , Hall in Tirol                  , 70354
"<record model=""res.partner"" id=""gemeinde", 70621, """><field name=""member_of_city_alliance"">True</field></record>", True, "<record model=""res.partner"" id=""gemeinde70614""><field name=""member_of_city_alliance"">True</field></record>", , Rum                            , 70346
"<record model=""res.partner"" id=""gemeinde", 70622, """><field name=""member_of_city_alliance"">True</field></record>", True, "<record model=""res.partner"" id=""gemeinde70614""><field name=""member_of_city_alliance"">True</field></record>", , Imst                           , 70203
"<record model=""res.partner"" id=""gemeinde", 70623, """><field name=""member_of_city_alliance"">True</field></record>", True, "<record model=""res.partner"" id=""gemeinde70614""><field name=""member_of_city_alliance"">True</field></record>", , Innsbruck                      , 70101
"<record model=""res.partner"" id=""gemeinde", 70624, """><field name=""member_of_city_alliance"">True</field></record>", True, "<record model=""res.partner"" id=""gemeinde70614""><field name=""member_of_city_alliance"">True</field></record>", , Mureck                         , 62383
"<record model=""res.partner"" id=""gemeinde", 70625, """><field name=""member_of_city_alliance"">True</field></record>", True, "<record model=""res.partner"" id=""gemeinde70614""><field name=""member_of_city_alliance"">True</field></record>", , Feldbach                       , 62379
"<record model=""res.partner"" id=""gemeinde", 70626, """><field name=""member_of_city_alliance"">True</field></record>", True, "<record model=""res.partner"" id=""gemeinde70614""><field name=""member_of_city_alliance"">True</field></record>", , Fehring                        , 62378
"<record model=""res.partner"" id=""gemeinde", 70627, """><field name=""member_of_city_alliance"">True</field></record>", True, "<record model=""res.partner"" id=""gemeinde70614""><field name=""member_of_city_alliance"">True</field></record>", , Bad Radkersburg                , 62376
"<record model=""res.partner"" id=""gemeinde", 70628, """><field name=""member_of_city_alliance"">True</field></record>", True, "<record model=""res.partner"" id=""gemeinde70614""><field name=""member_of_city_alliance"">True</field></record>", , Neudau                         , 62274
"<record model=""res.partner"" id=""gemeinde", 70629, """><field name=""member_of_city_alliance"">True</field></record>", True, "<record model=""res.partner"" id=""gemeinde70614""><field name=""member_of_city_alliance"">True</field></record>", , Fürstenfeld                    , 62267
"<record model=""res.partner"" id=""gemeinde", 70630, """><field name=""member_of_city_alliance"">True</field></record>", True, "<record model=""res.partner"" id=""gemeinde70614""><field name=""member_of_city_alliance"">True</field></record>", , Hartberg                       , 62219
"<record model=""res.partner"" id=""gemeinde", 70631, """><field name=""member_of_city_alliance"">True</field></record>", True, "<record model=""res.partner"" id=""gemeinde70614""><field name=""member_of_city_alliance"">True</field></record>", , Thörl                          , 62147
"<record model=""res.partner"" id=""gemeinde", 70632, """><field name=""member_of_city_alliance"">True</field></record>", True, "<record model=""res.partner"" id=""gemeinde70614""><field name=""member_of_city_alliance"">True</field></record>", , Mürzzuschlag                   , 62143
"<record model=""res.partner"" id=""gemeinde", 70633, """><field name=""member_of_city_alliance"">True</field></record>", True, "<record model=""res.partner"" id=""gemeinde70614""><field name=""member_of_city_alliance"">True</field></record>", , Mariazell                      , 62142
"<record model=""res.partner"" id=""gemeinde", 70634, """><field name=""member_of_city_alliance"">True</field></record>", True, "<record model=""res.partner"" id=""gemeinde70614""><field name=""member_of_city_alliance"">True</field></record>", , Kindberg                       , 62141
"<record model=""res.partner"" id=""gemeinde", 70635, """><field name=""member_of_city_alliance"">True</field></record>", True, "<record model=""res.partner"" id=""gemeinde70614""><field name=""member_of_city_alliance"">True</field></record>", , Kapfenberg                     , 62140
"<record model=""res.partner"" id=""gemeinde", 70636, """><field name=""member_of_city_alliance"">True</field></record>", True, "<record model=""res.partner"" id=""gemeinde70614""><field name=""member_of_city_alliance"">True</field></record>", , Langenwang                     , 62116
"<record model=""res.partner"" id=""gemeinde", 70637, """><field name=""member_of_city_alliance"">True</field></record>", True, "<record model=""res.partner"" id=""gemeinde70614""><field name=""member_of_city_alliance"">True</field></record>", , Spielberg                      , 62047
"<record model=""res.partner"" id=""gemeinde", 70638, """><field name=""member_of_city_alliance"">True</field></record>", True, "<record model=""res.partner"" id=""gemeinde70614""><field name=""member_of_city_alliance"">True</field></record>", , Pöls-Oberkurzheim              , 62043
"<record model=""res.partner"" id=""gemeinde", 70639, """><field name=""member_of_city_alliance"">True</field></record>", True, "<record model=""res.partner"" id=""gemeinde70614""><field name=""member_of_city_alliance"">True</field></record>", , Knittelfeld                    , 62041
"<record model=""res.partner"" id=""gemeinde", 70640, """><field name=""member_of_city_alliance"">True</field></record>", True, "<record model=""res.partner"" id=""gemeinde70614""><field name=""member_of_city_alliance"">True</field></record>", , Judenburg                      , 62040
"<record model=""res.partner"" id=""gemeinde", 70641, """><field name=""member_of_city_alliance"">True</field></record>", True, "<record model=""res.partner"" id=""gemeinde70614""><field name=""member_of_city_alliance"">True</field></record>", , Zeltweg                        , 62038
"<record model=""res.partner"" id=""gemeinde", 70642, """><field name=""member_of_city_alliance"">True</field></record>", True, "<record model=""res.partner"" id=""gemeinde70614""><field name=""member_of_city_alliance"">True</field></record>", , Fohnsdorf                      , 62007
"<record model=""res.partner"" id=""gemeinde", 70643, """><field name=""member_of_city_alliance"">True</field></record>", True, "<record model=""res.partner"" id=""gemeinde70614""><field name=""member_of_city_alliance"">True</field></record>", , Weiz                           , 61766
"<record model=""res.partner"" id=""gemeinde", 70644, """><field name=""member_of_city_alliance"">True</field></record>", True, "<record model=""res.partner"" id=""gemeinde70614""><field name=""member_of_city_alliance"">True</field></record>", , Gleisdorf                      , 61760
"<record model=""res.partner"" id=""gemeinde", 70645, """><field name=""member_of_city_alliance"">True</field></record>", True, "<record model=""res.partner"" id=""gemeinde70614""><field name=""member_of_city_alliance"">True</field></record>", , Maria Lankowitz                , 61632
"<record model=""res.partner"" id=""gemeinde", 70646, """><field name=""member_of_city_alliance"">True</field></record>", True, "<record model=""res.partner"" id=""gemeinde70614""><field name=""member_of_city_alliance"">True</field></record>", , Köflach                        , 61631
"<record model=""res.partner"" id=""gemeinde", 70647, """><field name=""member_of_city_alliance"">True</field></record>", True, "<record model=""res.partner"" id=""gemeinde70614""><field name=""member_of_city_alliance"">True</field></record>", , Bärnbach                       , 61626
"<record model=""res.partner"" id=""gemeinde", 70648, """><field name=""member_of_city_alliance"">True</field></record>", True, "<record model=""res.partner"" id=""gemeinde70614""><field name=""member_of_city_alliance"">True</field></record>", , Voitsberg                      , 61625
"<record model=""res.partner"" id=""gemeinde", 70649, """><field name=""member_of_city_alliance"">True</field></record>", True, "<record model=""res.partner"" id=""gemeinde70614""><field name=""member_of_city_alliance"">True</field></record>", , Oberwölz                       , 61440
"<record model=""res.partner"" id=""gemeinde", 70650, """><field name=""member_of_city_alliance"">True</field></record>", True, "<record model=""res.partner"" id=""gemeinde70614""><field name=""member_of_city_alliance"">True</field></record>", , Murau                          , 61438
"<record model=""res.partner"" id=""gemeinde", 70651, """><field name=""member_of_city_alliance"">True</field></record>", True, "<record model=""res.partner"" id=""gemeinde70614""><field name=""member_of_city_alliance"">True</field></record>", , Schladming                     , 61265
"<record model=""res.partner"" id=""gemeinde", 70652, """><field name=""member_of_city_alliance"">True</field></record>", True, "<record model=""res.partner"" id=""gemeinde70614""><field name=""member_of_city_alliance"">True</field></record>", , Rottenmann                     , 61263
"<record model=""res.partner"" id=""gemeinde", 70653, """><field name=""member_of_city_alliance"">True</field></record>", True, "<record model=""res.partner"" id=""gemeinde70614""><field name=""member_of_city_alliance"">True</field></record>", , Liezen                         , 61259
"<record model=""res.partner"" id=""gemeinde", 70654, """><field name=""member_of_city_alliance"">True</field></record>", True, "<record model=""res.partner"" id=""gemeinde70614""><field name=""member_of_city_alliance"">True</field></record>", , Trieben                        , 61247
"<record model=""res.partner"" id=""gemeinde", 70655, """><field name=""member_of_city_alliance"">True</field></record>", True, "<record model=""res.partner"" id=""gemeinde70614""><field name=""member_of_city_alliance"">True</field></record>", , Selzthal                       , 61243
"<record model=""res.partner"" id=""gemeinde", 70656, """><field name=""member_of_city_alliance"">True</field></record>", True, "<record model=""res.partner"" id=""gemeinde70614""><field name=""member_of_city_alliance"">True</field></record>", , Gröbming                       , 61213
"<record model=""res.partner"" id=""gemeinde", 70657, """><field name=""member_of_city_alliance"">True</field></record>", True, "<record model=""res.partner"" id=""gemeinde70614""><field name=""member_of_city_alliance"">True</field></record>", , Bad Aussee                     , 61207
"<record model=""res.partner"" id=""gemeinde", 70658, """><field name=""member_of_city_alliance"">True</field></record>", True, "<record model=""res.partner"" id=""gemeinde70614""><field name=""member_of_city_alliance"">True</field></record>", , Trofaiach                      , 61120
"<record model=""res.partner"" id=""gemeinde", 70659, """><field name=""member_of_city_alliance"">True</field></record>", True, "<record model=""res.partner"" id=""gemeinde70614""><field name=""member_of_city_alliance"">True</field></record>", , Niklasdorf                     , 61110
"<record model=""res.partner"" id=""gemeinde", 70660, """><field name=""member_of_city_alliance"">True</field></record>", True, "<record model=""res.partner"" id=""gemeinde70614""><field name=""member_of_city_alliance"">True</field></record>", , Leoben                         , 61108
"<record model=""res.partner"" id=""gemeinde", 70661, """><field name=""member_of_city_alliance"">True</field></record>", True, "<record model=""res.partner"" id=""gemeinde70614""><field name=""member_of_city_alliance"">True</field></record>", , Eisenerz                       , 61101
"<record model=""res.partner"" id=""gemeinde", 70662, """><field name=""member_of_city_alliance"">True</field></record>", True, "<record model=""res.partner"" id=""gemeinde70614""><field name=""member_of_city_alliance"">True</field></record>", , Leibnitz                       , 61053
"<record model=""res.partner"" id=""gemeinde", 70663, """><field name=""member_of_city_alliance"">True</field></record>", True, "<record model=""res.partner"" id=""gemeinde70614""><field name=""member_of_city_alliance"">True</field></record>", , Wagna                          , 61045
"<record model=""res.partner"" id=""gemeinde", 70664, """><field name=""member_of_city_alliance"">True</field></record>", True, "<record model=""res.partner"" id=""gemeinde70614""><field name=""member_of_city_alliance"">True</field></record>", , Seiersberg-Pirka               , 60669
"<record model=""res.partner"" id=""gemeinde", 70665, """><field name=""member_of_city_alliance"">True</field></record>", True, "<record model=""res.partner"" id=""gemeinde70614""><field name=""member_of_city_alliance"">True</field></record>", , Raaba-Grambach                 , 60667
"<record model=""res.partner"" id=""gemeinde", 70666, """><field name=""member_of_city_alliance"">True</field></record>", True, "<record model=""res.partner"" id=""gemeinde70614""><field name=""member_of_city_alliance"">True</field></record>", , Frohnleiten                    , 60663
"<record model=""res.partner"" id=""gemeinde", 70667, """><field name=""member_of_city_alliance"">True</field></record>", True, "<record model=""res.partner"" id=""gemeinde70614""><field name=""member_of_city_alliance"">True</field></record>", , Lieboch                        , 60629
"<record model=""res.partner"" id=""gemeinde", 70668, """><field name=""member_of_city_alliance"">True</field></record>", True, "<record model=""res.partner"" id=""gemeinde70614""><field name=""member_of_city_alliance"">True</field></record>", , Hart bei Graz                  , 60617
"<record model=""res.partner"" id=""gemeinde", 70669, """><field name=""member_of_city_alliance"">True</field></record>", True, "<record model=""res.partner"" id=""gemeinde70614""><field name=""member_of_city_alliance"">True</field></record>", , Gratkorn                       , 60613
"<record model=""res.partner"" id=""gemeinde", 70670, """><field name=""member_of_city_alliance"">True</field></record>", True, "<record model=""res.partner"" id=""gemeinde70614""><field name=""member_of_city_alliance"">True</field></record>", , Deutschlandsberg               , 60344
"<record model=""res.partner"" id=""gemeinde", 70671, """><field name=""member_of_city_alliance"">True</field></record>", True, "<record model=""res.partner"" id=""gemeinde70614""><field name=""member_of_city_alliance"">True</field></record>", , Lannach                        , 60318
"<record model=""res.partner"" id=""gemeinde", 70672, """><field name=""member_of_city_alliance"">True</field></record>", True, "<record model=""res.partner"" id=""gemeinde70614""><field name=""member_of_city_alliance"">True</field></record>", , Graz                           , 60101
"<record model=""res.partner"" id=""gemeinde", 70673, """><field name=""member_of_city_alliance"">True</field></record>", True, "<record model=""res.partner"" id=""gemeinde70614""><field name=""member_of_city_alliance"">True</field></record>", , Zell am See                    , 50628
"<record model=""res.partner"" id=""gemeinde", 70674, """><field name=""member_of_city_alliance"">True</field></record>", True, "<record model=""res.partner"" id=""gemeinde70614""><field name=""member_of_city_alliance"">True</field></record>", , Saalfelden am Steinernen Meer  , 50619
"<record model=""res.partner"" id=""gemeinde", 70675, """><field name=""member_of_city_alliance"">True</field></record>", True, "<record model=""res.partner"" id=""gemeinde70614""><field name=""member_of_city_alliance"">True</field></record>", , Mittersill                     , 50613
"<record model=""res.partner"" id=""gemeinde", 70676, """><field name=""member_of_city_alliance"">True</field></record>", True, "<record model=""res.partner"" id=""gemeinde70614""><field name=""member_of_city_alliance"">True</field></record>", , Tamsweg                        , 50510
"<record model=""res.partner"" id=""gemeinde", 70677, """><field name=""member_of_city_alliance"">True</field></record>", True, "<record model=""res.partner"" id=""gemeinde70614""><field name=""member_of_city_alliance"">True</field></record>", , Werfen                         , 50424
"<record model=""res.partner"" id=""gemeinde", 70678, """><field name=""member_of_city_alliance"">True</field></record>", True, "<record model=""res.partner"" id=""gemeinde70614""><field name=""member_of_city_alliance"">True</field></record>", , Bischofshofen                  , 50404
"<record model=""res.partner"" id=""gemeinde", 70679, """><field name=""member_of_city_alliance"">True</field></record>", True, "<record model=""res.partner"" id=""gemeinde70614""><field name=""member_of_city_alliance"">True</field></record>", , Bad Hofgastein                 , 50402
"<record model=""res.partner"" id=""gemeinde", 70680, """><field name=""member_of_city_alliance"">True</field></record>", True, "<record model=""res.partner"" id=""gemeinde70614""><field name=""member_of_city_alliance"">True</field></record>", , Seekirchen am Wallersee        , 50339
"<record model=""res.partner"" id=""gemeinde", 70681, """><field name=""member_of_city_alliance"">True</field></record>", True, "<record model=""res.partner"" id=""gemeinde70614""><field name=""member_of_city_alliance"">True</field></record>", , Wals-Siezenheim                , 50338
"<record model=""res.partner"" id=""gemeinde", 70682, """><field name=""member_of_city_alliance"">True</field></record>", True, "<record model=""res.partner"" id=""gemeinde70614""><field name=""member_of_city_alliance"">True</field></record>", , Oberndorf bei Salzburg         , 50326
"<record model=""res.partner"" id=""gemeinde", 70683, """><field name=""member_of_city_alliance"">True</field></record>", True, "<record model=""res.partner"" id=""gemeinde70614""><field name=""member_of_city_alliance"">True</field></record>", , Neumarkt am Wallersee          , 50324
"<record model=""res.partner"" id=""gemeinde", 70684, """><field name=""member_of_city_alliance"">True</field></record>", True, "<record model=""res.partner"" id=""gemeinde70614""><field name=""member_of_city_alliance"">True</field></record>", , Grödig                         , 50314
"<record model=""res.partner"" id=""gemeinde", 70685, """><field name=""member_of_city_alliance"">True</field></record>", True, "<record model=""res.partner"" id=""gemeinde70614""><field name=""member_of_city_alliance"">True</field></record>", , Hallein                        , 50205
"<record model=""res.partner"" id=""gemeinde", 70686, """><field name=""member_of_city_alliance"">True</field></record>", True, "<record model=""res.partner"" id=""gemeinde70614""><field name=""member_of_city_alliance"">True</field></record>", , Salzburg                       , 50101
"<record model=""res.partner"" id=""gemeinde", 70687, """><field name=""member_of_city_alliance"">True</field></record>", True, "<record model=""res.partner"" id=""gemeinde70614""><field name=""member_of_city_alliance"">True</field></record>", , Marchtrenk                     , 41812
"<record model=""res.partner"" id=""gemeinde", 70688, """><field name=""member_of_city_alliance"">True</field></record>", True, "<record model=""res.partner"" id=""gemeinde70614""><field name=""member_of_city_alliance"">True</field></record>", , Vöcklabruck                    , 41746
"<record model=""res.partner"" id=""gemeinde", 70689, """><field name=""member_of_city_alliance"">True</field></record>", True, "<record model=""res.partner"" id=""gemeinde70614""><field name=""member_of_city_alliance"">True</field></record>", , Lenzing                        , 41713
"<record model=""res.partner"" id=""gemeinde", 70690, """><field name=""member_of_city_alliance"">True</field></record>", True, "<record model=""res.partner"" id=""gemeinde70614""><field name=""member_of_city_alliance"">True</field></record>", , Frankenburg am Hausruck        , 41709
"<record model=""res.partner"" id=""gemeinde", 70691, """><field name=""member_of_city_alliance"">True</field></record>", True, "<record model=""res.partner"" id=""gemeinde70614""><field name=""member_of_city_alliance"">True</field></record>", , Attnang-Puchheim               , 41703
"<record model=""res.partner"" id=""gemeinde", 70692, """><field name=""member_of_city_alliance"">True</field></record>", True, "<record model=""res.partner"" id=""gemeinde70614""><field name=""member_of_city_alliance"">True</field></record>", , Puchenau                       , 41618
"<record model=""res.partner"" id=""gemeinde", 70693, """><field name=""member_of_city_alliance"">True</field></record>", True, "<record model=""res.partner"" id=""gemeinde70614""><field name=""member_of_city_alliance"">True</field></record>", , Gallneukirchen                 , 41607
"<record model=""res.partner"" id=""gemeinde", 70694, """><field name=""member_of_city_alliance"">True</field></record>", True, "<record model=""res.partner"" id=""gemeinde70614""><field name=""member_of_city_alliance"">True</field></record>", , Engerwitzdorf                  , 41605
"<record model=""res.partner"" id=""gemeinde", 70695, """><field name=""member_of_city_alliance"">True</field></record>", True, "<record model=""res.partner"" id=""gemeinde70614""><field name=""member_of_city_alliance"">True</field></record>", , Bad Leonfelden                 , 41603
"<record model=""res.partner"" id=""gemeinde", 70696, """><field name=""member_of_city_alliance"">True</field></record>", True, "<record model=""res.partner"" id=""gemeinde70614""><field name=""member_of_city_alliance"">True</field></record>", , Schärding                      , 41422
"<record model=""res.partner"" id=""gemeinde", 70697, """><field name=""member_of_city_alliance"">True</field></record>", True, "<record model=""res.partner"" id=""gemeinde70614""><field name=""member_of_city_alliance"">True</field></record>", , Perg                           , 41116
"<record model=""res.partner"" id=""gemeinde", 70698, """><field name=""member_of_city_alliance"">True</field></record>", True, "<record model=""res.partner"" id=""gemeinde70614""><field name=""member_of_city_alliance"">True</field></record>", , Wilhering                      , 41022
"<record model=""res.partner"" id=""gemeinde", 70699, """><field name=""member_of_city_alliance"">True</field></record>", True, "<record model=""res.partner"" id=""gemeinde70614""><field name=""member_of_city_alliance"">True</field></record>", , Traun                          , 41021
"<record model=""res.partner"" id=""gemeinde", 70700, """><field name=""member_of_city_alliance"">True</field></record>", True, "<record model=""res.partner"" id=""gemeinde70614""><field name=""member_of_city_alliance"">True</field></record>", , Pasching                       , 41017
"<record model=""res.partner"" id=""gemeinde", 70701, """><field name=""member_of_city_alliance"">True</field></record>", True, "<record model=""res.partner"" id=""gemeinde70614""><field name=""member_of_city_alliance"">True</field></record>", , Neuhofen an der Krems          , 41014
"<record model=""res.partner"" id=""gemeinde", 70702, """><field name=""member_of_city_alliance"">True</field></record>", True, "<record model=""res.partner"" id=""gemeinde70614""><field name=""member_of_city_alliance"">True</field></record>", , Leonding                       , 41012
"<record model=""res.partner"" id=""gemeinde", 70703, """><field name=""member_of_city_alliance"">True</field></record>", True, "<record model=""res.partner"" id=""gemeinde70614""><field name=""member_of_city_alliance"">True</field></record>", , Hörsching                      , 41007
"<record model=""res.partner"" id=""gemeinde", 70704, """><field name=""member_of_city_alliance"">True</field></record>", True, "<record model=""res.partner"" id=""gemeinde70614""><field name=""member_of_city_alliance"">True</field></record>", , Enns                           , 41005
"<record model=""res.partner"" id=""gemeinde", 70705, """><field name=""member_of_city_alliance"">True</field></record>", True, "<record model=""res.partner"" id=""gemeinde70614""><field name=""member_of_city_alliance"">True</field></record>", , Asten                          , 41003
"<record model=""res.partner"" id=""gemeinde", 70706, """><field name=""member_of_city_alliance"">True</field></record>", True, "<record model=""res.partner"" id=""gemeinde70614""><field name=""member_of_city_alliance"">True</field></record>", , Ansfelden                      , 41002
"<record model=""res.partner"" id=""gemeinde", 70707, """><field name=""member_of_city_alliance"">True</field></record>", True, "<record model=""res.partner"" id=""gemeinde70614""><field name=""member_of_city_alliance"">True</field></record>", , Kremsmünster                   , 40907
"<record model=""res.partner"" id=""gemeinde", 70708, """><field name=""member_of_city_alliance"">True</field></record>", True, "<record model=""res.partner"" id=""gemeinde70614""><field name=""member_of_city_alliance"">True</field></record>", , Peuerbach                      , 40835
"<record model=""res.partner"" id=""gemeinde", 70709, """><field name=""member_of_city_alliance"">True</field></record>", True, "<record model=""res.partner"" id=""gemeinde70614""><field name=""member_of_city_alliance"">True</field></record>", , Grieskirchen                   , 40808
"<record model=""res.partner"" id=""gemeinde", 70710, """><field name=""member_of_city_alliance"">True</field></record>", True, "<record model=""res.partner"" id=""gemeinde70614""><field name=""member_of_city_alliance"">True</field></record>", , Laakirchen                     , 40711
"<record model=""res.partner"" id=""gemeinde", 70711, """><field name=""member_of_city_alliance"">True</field></record>", True, "<record model=""res.partner"" id=""gemeinde70614""><field name=""member_of_city_alliance"">True</field></record>", , Gmunden                        , 40705
"<record model=""res.partner"" id=""gemeinde", 70712, """><field name=""member_of_city_alliance"">True</field></record>", True, "<record model=""res.partner"" id=""gemeinde70614""><field name=""member_of_city_alliance"">True</field></record>", , Ebensee am Traunsee            , 40704
"<record model=""res.partner"" id=""gemeinde", 70713, """><field name=""member_of_city_alliance"">True</field></record>", True, "<record model=""res.partner"" id=""gemeinde70614""><field name=""member_of_city_alliance"">True</field></record>", , Bad Ischl                      , 40703
"<record model=""res.partner"" id=""gemeinde", 70714, """><field name=""member_of_city_alliance"">True</field></record>", True, "<record model=""res.partner"" id=""gemeinde70614""><field name=""member_of_city_alliance"">True</field></record>", , Pregarten                      , 40614
"<record model=""res.partner"" id=""gemeinde", 70715, """><field name=""member_of_city_alliance"">True</field></record>", True, "<record model=""res.partner"" id=""gemeinde70614""><field name=""member_of_city_alliance"">True</field></record>", , Freistadt                      , 40601
"<record model=""res.partner"" id=""gemeinde", 70716, """><field name=""member_of_city_alliance"">True</field></record>", True, "<record model=""res.partner"" id=""gemeinde70614""><field name=""member_of_city_alliance"">True</field></record>", , Hartkirchen                    , 40506
"<record model=""res.partner"" id=""gemeinde", 70717, """><field name=""member_of_city_alliance"">True</field></record>", True, "<record model=""res.partner"" id=""gemeinde70614""><field name=""member_of_city_alliance"">True</field></record>", , Eferding                       , 40503
"<record model=""res.partner"" id=""gemeinde", 70718, """><field name=""member_of_city_alliance"">True</field></record>", True, "<record model=""res.partner"" id=""gemeinde70614""><field name=""member_of_city_alliance"">True</field></record>", , Mattighofen                    , 40421
"<record model=""res.partner"" id=""gemeinde", 70719, """><field name=""member_of_city_alliance"">True</field></record>", True, "<record model=""res.partner"" id=""gemeinde70614""><field name=""member_of_city_alliance"">True</field></record>", , Braunau am Inn                 , 40404
"<record model=""res.partner"" id=""gemeinde", 70720, """><field name=""member_of_city_alliance"">True</field></record>", True, "<record model=""res.partner"" id=""gemeinde70614""><field name=""member_of_city_alliance"">True</field></record>", , Wels                           , 40301
"<record model=""res.partner"" id=""gemeinde", 70721, """><field name=""member_of_city_alliance"">True</field></record>", True, "<record model=""res.partner"" id=""gemeinde70614""><field name=""member_of_city_alliance"">True</field></record>", , Steyr                          , 40201
"<record model=""res.partner"" id=""gemeinde", 70722, """><field name=""member_of_city_alliance"">True</field></record>", True, "<record model=""res.partner"" id=""gemeinde70614""><field name=""member_of_city_alliance"">True</field></record>", , Linz                           , 40101
"<record model=""res.partner"" id=""gemeinde", 70723, """><field name=""member_of_city_alliance"">True</field></record>", True, "<record model=""res.partner"" id=""gemeinde70614""><field name=""member_of_city_alliance"">True</field></record>", , Groß Gerungs                   , 32508
"<record model=""res.partner"" id=""gemeinde", 70724, """><field name=""member_of_city_alliance"">True</field></record>", True, "<record model=""res.partner"" id=""gemeinde70614""><field name=""member_of_city_alliance"">True</field></record>", , Ebenfurth                      , 32304
"<record model=""res.partner"" id=""gemeinde", 70725, """><field name=""member_of_city_alliance"">True</field></record>", True, "<record model=""res.partner"" id=""gemeinde70614""><field name=""member_of_city_alliance"">True</field></record>", , Waidhofen an der Thaya         , 32220
"<record model=""res.partner"" id=""gemeinde", 70726, """><field name=""member_of_city_alliance"">True</field></record>", True, "<record model=""res.partner"" id=""gemeinde70614""><field name=""member_of_city_alliance"">True</field></record>", , Raabs an der Thaya             , 32216
"<record model=""res.partner"" id=""gemeinde", 70727, """><field name=""member_of_city_alliance"">True</field></record>", True, "<record model=""res.partner"" id=""gemeinde70614""><field name=""member_of_city_alliance"">True</field></record>", , Groß-Siegharts                 , 32207
"<record model=""res.partner"" id=""gemeinde", 70728, """><field name=""member_of_city_alliance"">True</field></record>", True, "<record model=""res.partner"" id=""gemeinde70614""><field name=""member_of_city_alliance"">True</field></record>", , Klosterneuburg                 , 32144
"<record model=""res.partner"" id=""gemeinde", 70729, """><field name=""member_of_city_alliance"">True</field></record>", True, "<record model=""res.partner"" id=""gemeinde70614""><field name=""member_of_city_alliance"">True</field></record>", , Zwentendorf an der Donau       , 32141
"<record model=""res.partner"" id=""gemeinde", 70730, """><field name=""member_of_city_alliance"">True</field></record>", True, "<record model=""res.partner"" id=""gemeinde70614""><field name=""member_of_city_alliance"">True</field></record>", , Tulln an der Donau             , 32135
"<record model=""res.partner"" id=""gemeinde", 70731, """><field name=""member_of_city_alliance"">True</field></record>", True, "<record model=""res.partner"" id=""gemeinde70614""><field name=""member_of_city_alliance"">True</field></record>", , Michelhausen                   , 32120
"<record model=""res.partner"" id=""gemeinde", 70732, """><field name=""member_of_city_alliance"">True</field></record>", True, "<record model=""res.partner"" id=""gemeinde70614""><field name=""member_of_city_alliance"">True</field></record>", , Grafenwörth                    , 32107
"<record model=""res.partner"" id=""gemeinde", 70733, """><field name=""member_of_city_alliance"">True</field></record>", True, "<record model=""res.partner"" id=""gemeinde70614""><field name=""member_of_city_alliance"">True</field></record>", , Scheibbs                       , 32013
"<record model=""res.partner"" id=""gemeinde", 70734, """><field name=""member_of_city_alliance"">True</field></record>", True, "<record model=""res.partner"" id=""gemeinde70614""><field name=""member_of_city_alliance"">True</field></record>", , Purkersdorf                    , 31952
"<record model=""res.partner"" id=""gemeinde", 70735, """><field name=""member_of_city_alliance"">True</field></record>", True, "<record model=""res.partner"" id=""gemeinde70614""><field name=""member_of_city_alliance"">True</field></record>", , Pressbaum                      , 31951
"<record model=""res.partner"" id=""gemeinde", 70736, """><field name=""member_of_city_alliance"">True</field></record>", True, "<record model=""res.partner"" id=""gemeinde70614""><field name=""member_of_city_alliance"">True</field></record>", , Wilhelmsburg                   , 31947
"<record model=""res.partner"" id=""gemeinde", 70737, """><field name=""member_of_city_alliance"">True</field></record>", True, "<record model=""res.partner"" id=""gemeinde70614""><field name=""member_of_city_alliance"">True</field></record>", , Traismauer                     , 31943
"<record model=""res.partner"" id=""gemeinde", 70738, """><field name=""member_of_city_alliance"">True</field></record>", True, "<record model=""res.partner"" id=""gemeinde70614""><field name=""member_of_city_alliance"">True</field></record>", , Ober-Grafendorf                , 31929
"<record model=""res.partner"" id=""gemeinde", 70739, """><field name=""member_of_city_alliance"">True</field></record>", True, "<record model=""res.partner"" id=""gemeinde70614""><field name=""member_of_city_alliance"">True</field></record>", , Neulengbach                    , 31926
"<record model=""res.partner"" id=""gemeinde", 70740, """><field name=""member_of_city_alliance"">True</field></record>", True, "<record model=""res.partner"" id=""gemeinde70614""><field name=""member_of_city_alliance"">True</field></record>", , Herzogenburg                   , 31912
"<record model=""res.partner"" id=""gemeinde", 70741, """><field name=""member_of_city_alliance"">True</field></record>", True, "<record model=""res.partner"" id=""gemeinde70614""><field name=""member_of_city_alliance"">True</field></record>", , Ternitz                        , 31839
"<record model=""res.partner"" id=""gemeinde", 70742, """><field name=""member_of_city_alliance"">True</field></record>", True, "<record model=""res.partner"" id=""gemeinde70614""><field name=""member_of_city_alliance"">True</field></record>", , Semmering                      , 31838
"<record model=""res.partner"" id=""gemeinde", 70743, """><field name=""member_of_city_alliance"">True</field></record>", True, "<record model=""res.partner"" id=""gemeinde70614""><field name=""member_of_city_alliance"">True</field></record>", , Reichenau an der Rax           , 31829
"<record model=""res.partner"" id=""gemeinde", 70744, """><field name=""member_of_city_alliance"">True</field></record>", True, "<record model=""res.partner"" id=""gemeinde70614""><field name=""member_of_city_alliance"">True</field></record>", , Puchberg am Schneeberg         , 31826
"<record model=""res.partner"" id=""gemeinde", 70745, """><field name=""member_of_city_alliance"">True</field></record>", True, "<record model=""res.partner"" id=""gemeinde70614""><field name=""member_of_city_alliance"">True</field></record>", , Payerbach                      , 31821
"<record model=""res.partner"" id=""gemeinde", 70746, """><field name=""member_of_city_alliance"">True</field></record>", True, "<record model=""res.partner"" id=""gemeinde70614""><field name=""member_of_city_alliance"">True</field></record>", , Neunkirchen                    , 31818
"<record model=""res.partner"" id=""gemeinde", 70747, """><field name=""member_of_city_alliance"">True</field></record>", True, "<record model=""res.partner"" id=""gemeinde70614""><field name=""member_of_city_alliance"">True</field></record>", , Gloggnitz                      , 31810
"<record model=""res.partner"" id=""gemeinde", 70748, """><field name=""member_of_city_alliance"">True</field></record>", True, "<record model=""res.partner"" id=""gemeinde70614""><field name=""member_of_city_alliance"">True</field></record>", , Wiener Neudorf                 , 31725
"<record model=""res.partner"" id=""gemeinde", 70749, """><field name=""member_of_city_alliance"">True</field></record>", True, "<record model=""res.partner"" id=""gemeinde70614""><field name=""member_of_city_alliance"">True</field></record>", , Vösendorf                      , 31723
"<record model=""res.partner"" id=""gemeinde", 70750, """><field name=""member_of_city_alliance"">True</field></record>", True, "<record model=""res.partner"" id=""gemeinde70614""><field name=""member_of_city_alliance"">True</field></record>", , Perchtoldsdorf                 , 31719
"<record model=""res.partner"" id=""gemeinde", 70751, """><field name=""member_of_city_alliance"">True</field></record>", True, "<record model=""res.partner"" id=""gemeinde70614""><field name=""member_of_city_alliance"">True</field></record>", , Mödling                        , 31717
"<record model=""res.partner"" id=""gemeinde", 70752, """><field name=""member_of_city_alliance"">True</field></record>", True, "<record model=""res.partner"" id=""gemeinde70614""><field name=""member_of_city_alliance"">True</field></record>", , Brunn am Gebirge               , 31704
"<record model=""res.partner"" id=""gemeinde", 70753, """><field name=""member_of_city_alliance"">True</field></record>", True, "<record model=""res.partner"" id=""gemeinde70614""><field name=""member_of_city_alliance"">True</field></record>", , Laa an der Thaya               , 31629
"<record model=""res.partner"" id=""gemeinde", 70754, """><field name=""member_of_city_alliance"">True</field></record>", True, "<record model=""res.partner"" id=""gemeinde70614""><field name=""member_of_city_alliance"">True</field></record>", , Ybbs an der Donau              , 31549
"<record model=""res.partner"" id=""gemeinde", 70755, """><field name=""member_of_city_alliance"">True</field></record>", True, "<record model=""res.partner"" id=""gemeinde70614""><field name=""member_of_city_alliance"">True</field></record>", , Pöchlarn                       , 31533
"<record model=""res.partner"" id=""gemeinde", 70756, """><field name=""member_of_city_alliance"">True</field></record>", True, "<record model=""res.partner"" id=""gemeinde70614""><field name=""member_of_city_alliance"">True</field></record>", , Melk                           , 31524
"<record model=""res.partner"" id=""gemeinde", 70757, """><field name=""member_of_city_alliance"">True</field></record>", True, "<record model=""res.partner"" id=""gemeinde70614""><field name=""member_of_city_alliance"">True</field></record>", , Loosdorf                       , 31520
"<record model=""res.partner"" id=""gemeinde", 70758, """><field name=""member_of_city_alliance"">True</field></record>", True, "<record model=""res.partner"" id=""gemeinde70614""><field name=""member_of_city_alliance"">True</field></record>", , Traisen                        , 31413
"<record model=""res.partner"" id=""gemeinde", 70759, """><field name=""member_of_city_alliance"">True</field></record>", True, "<record model=""res.partner"" id=""gemeinde70614""><field name=""member_of_city_alliance"">True</field></record>", , St. Veit an der Gölsen         , 31412
"<record model=""res.partner"" id=""gemeinde", 70760, """><field name=""member_of_city_alliance"">True</field></record>", True, "<record model=""res.partner"" id=""gemeinde70614""><field name=""member_of_city_alliance"">True</field></record>", , St. Aegyd am Neuwalde          , 31411
"<record model=""res.partner"" id=""gemeinde", 70761, """><field name=""member_of_city_alliance"">True</field></record>", True, "<record model=""res.partner"" id=""gemeinde70614""><field name=""member_of_city_alliance"">True</field></record>", , Hohenberg                      , 31404
"<record model=""res.partner"" id=""gemeinde", 70762, """><field name=""member_of_city_alliance"">True</field></record>", True, "<record model=""res.partner"" id=""gemeinde70614""><field name=""member_of_city_alliance"">True</field></record>", , Hainfeld                       , 31403
"<record model=""res.partner"" id=""gemeinde", 70763, """><field name=""member_of_city_alliance"">True</field></record>", True, "<record model=""res.partner"" id=""gemeinde70614""><field name=""member_of_city_alliance"">True</field></record>", , Langenlois                     , 31322
"<record model=""res.partner"" id=""gemeinde", 70764, """><field name=""member_of_city_alliance"">True</field></record>", True, "<record model=""res.partner"" id=""gemeinde70614""><field name=""member_of_city_alliance"">True</field></record>", , Gerasdorf bei Wien             , 31235
"<record model=""res.partner"" id=""gemeinde", 70765, """><field name=""member_of_city_alliance"">True</field></record>", True, "<record model=""res.partner"" id=""gemeinde70614""><field name=""member_of_city_alliance"">True</field></record>", , Stockerau                      , 31230
"<record model=""res.partner"" id=""gemeinde", 70766, """><field name=""member_of_city_alliance"">True</field></record>", True, "<record model=""res.partner"" id=""gemeinde70614""><field name=""member_of_city_alliance"">True</field></record>", , Langenzersdorf                 , 31214
"<record model=""res.partner"" id=""gemeinde", 70767, """><field name=""member_of_city_alliance"">True</field></record>", True, "<record model=""res.partner"" id=""gemeinde70614""><field name=""member_of_city_alliance"">True</field></record>", , Korneuburg                     , 31213
"<record model=""res.partner"" id=""gemeinde", 70768, """><field name=""member_of_city_alliance"">True</field></record>", True, "<record model=""res.partner"" id=""gemeinde70614""><field name=""member_of_city_alliance"">True</field></record>", , Horn                           , 31109
"<record model=""res.partner"" id=""gemeinde", 70769, """><field name=""member_of_city_alliance"">True</field></record>", True, "<record model=""res.partner"" id=""gemeinde70614""><field name=""member_of_city_alliance"">True</field></record>", , Gars am Kamp                   , 31106
"<record model=""res.partner"" id=""gemeinde", 70770, """><field name=""member_of_city_alliance"">True</field></record>", True, "<record model=""res.partner"" id=""gemeinde70614""><field name=""member_of_city_alliance"">True</field></record>", , Eggenburg                      , 31105
"<record model=""res.partner"" id=""gemeinde", 70771, """><field name=""member_of_city_alliance"">True</field></record>", True, "<record model=""res.partner"" id=""gemeinde70614""><field name=""member_of_city_alliance"">True</field></record>", , Retz                           , 31037
"<record model=""res.partner"" id=""gemeinde", 70772, """><field name=""member_of_city_alliance"">True</field></record>", True, "<record model=""res.partner"" id=""gemeinde70614""><field name=""member_of_city_alliance"">True</field></record>", , Hollabrunn                     , 31022
"<record model=""res.partner"" id=""gemeinde", 70773, """><field name=""member_of_city_alliance"">True</field></record>", True, "<record model=""res.partner"" id=""gemeinde70614""><field name=""member_of_city_alliance"">True</field></record>", , Weitra                         , 30942
"<record model=""res.partner"" id=""gemeinde", 70774, """><field name=""member_of_city_alliance"">True</field></record>", True, "<record model=""res.partner"" id=""gemeinde70614""><field name=""member_of_city_alliance"">True</field></record>", , Schrems                        , 30935
"<record model=""res.partner"" id=""gemeinde", 70775, """><field name=""member_of_city_alliance"">True</field></record>", True, "<record model=""res.partner"" id=""gemeinde70614""><field name=""member_of_city_alliance"">True</field></record>", , Litschau                       , 30925
"<record model=""res.partner"" id=""gemeinde", 70776, """><field name=""member_of_city_alliance"">True</field></record>", True, "<record model=""res.partner"" id=""gemeinde70614""><field name=""member_of_city_alliance"">True</field></record>", , Heidenreichstein               , 30916
"<record model=""res.partner"" id=""gemeinde", 70777, """><field name=""member_of_city_alliance"">True</field></record>", True, "<record model=""res.partner"" id=""gemeinde70614""><field name=""member_of_city_alliance"">True</field></record>", , Gmünd                          , 30908
"<record model=""res.partner"" id=""gemeinde", 70778, """><field name=""member_of_city_alliance"">True</field></record>", True, "<record model=""res.partner"" id=""gemeinde70614""><field name=""member_of_city_alliance"">True</field></record>", , Strasshof an der Nordbahn      , 30856
"<record model=""res.partner"" id=""gemeinde", 70779, """><field name=""member_of_city_alliance"">True</field></record>", True, "<record model=""res.partner"" id=""gemeinde70614""><field name=""member_of_city_alliance"">True</field></record>", , Marchegg                       , 30835
"<record model=""res.partner"" id=""gemeinde", 70780, """><field name=""member_of_city_alliance"">True</field></record>", True, "<record model=""res.partner"" id=""gemeinde70614""><field name=""member_of_city_alliance"">True</field></record>", , Groß-Enzersdorf                , 30821
"<record model=""res.partner"" id=""gemeinde", 70781, """><field name=""member_of_city_alliance"">True</field></record>", True, "<record model=""res.partner"" id=""gemeinde70614""><field name=""member_of_city_alliance"">True</field></record>", , Gänserndorf                    , 30817
"<record model=""res.partner"" id=""gemeinde", 70782, """><field name=""member_of_city_alliance"">True</field></record>", True, "<record model=""res.partner"" id=""gemeinde70614""><field name=""member_of_city_alliance"">True</field></record>", , Deutsch-Wagram                 , 30808
"<record model=""res.partner"" id=""gemeinde", 70783, """><field name=""member_of_city_alliance"">True</field></record>", True, "<record model=""res.partner"" id=""gemeinde70614""><field name=""member_of_city_alliance"">True</field></record>", , Schwechat                      , 30740
"<record model=""res.partner"" id=""gemeinde", 70784, """><field name=""member_of_city_alliance"">True</field></record>", True, "<record model=""res.partner"" id=""gemeinde70614""><field name=""member_of_city_alliance"">True</field></record>", , Schwadorf                      , 30739
"<record model=""res.partner"" id=""gemeinde", 70785, """><field name=""member_of_city_alliance"">True</field></record>", True, "<record model=""res.partner"" id=""gemeinde70614""><field name=""member_of_city_alliance"">True</field></record>", , Himberg                        , 30732
"<record model=""res.partner"" id=""gemeinde", 70786, """><field name=""member_of_city_alliance"">True</field></record>", True, "<record model=""res.partner"" id=""gemeinde70614""><field name=""member_of_city_alliance"">True</field></record>", , Gramatneusiedl                 , 30731
"<record model=""res.partner"" id=""gemeinde", 70787, """><field name=""member_of_city_alliance"">True</field></record>", True, "<record model=""res.partner"" id=""gemeinde70614""><field name=""member_of_city_alliance"">True</field></record>", , Fischamend                     , 30730
"<record model=""res.partner"" id=""gemeinde", 70788, """><field name=""member_of_city_alliance"">True</field></record>", True, "<record model=""res.partner"" id=""gemeinde70614""><field name=""member_of_city_alliance"">True</field></record>", , Mannersdorf am Leithagebirge   , 30716
"<record model=""res.partner"" id=""gemeinde", 70789, """><field name=""member_of_city_alliance"">True</field></record>", True, "<record model=""res.partner"" id=""gemeinde70614""><field name=""member_of_city_alliance"">True</field></record>", , Hainburg a.d. Donau            , 30710
"<record model=""res.partner"" id=""gemeinde", 70790, """><field name=""member_of_city_alliance"">True</field></record>", True, "<record model=""res.partner"" id=""gemeinde70614""><field name=""member_of_city_alliance"">True</field></record>", , Trumau                         , 30641
"<record model=""res.partner"" id=""gemeinde", 70791, """><field name=""member_of_city_alliance"">True</field></record>", True, "<record model=""res.partner"" id=""gemeinde70614""><field name=""member_of_city_alliance"">True</field></record>", , Traiskirchen                   , 30639
"<record model=""res.partner"" id=""gemeinde", 70792, """><field name=""member_of_city_alliance"">True</field></record>", True, "<record model=""res.partner"" id=""gemeinde70614""><field name=""member_of_city_alliance"">True</field></record>", , Schönau an der Triesting       , 30631
"<record model=""res.partner"" id=""gemeinde", 70793, """><field name=""member_of_city_alliance"">True</field></record>", True, "<record model=""res.partner"" id=""gemeinde70614""><field name=""member_of_city_alliance"">True</field></record>", , Leobersdorf                    , 30620
"<record model=""res.partner"" id=""gemeinde", 70794, """><field name=""member_of_city_alliance"">True</field></record>", True, "<record model=""res.partner"" id=""gemeinde70614""><field name=""member_of_city_alliance"">True</field></record>", , Hirtenberg                     , 30615
"<record model=""res.partner"" id=""gemeinde", 70795, """><field name=""member_of_city_alliance"">True</field></record>", True, "<record model=""res.partner"" id=""gemeinde70614""><field name=""member_of_city_alliance"">True</field></record>", , Enzesfeld-Lindabrunn           , 30608
"<record model=""res.partner"" id=""gemeinde", 70796, """><field name=""member_of_city_alliance"">True</field></record>", True, "<record model=""res.partner"" id=""gemeinde70614""><field name=""member_of_city_alliance"">True</field></record>", , Ebreichsdorf                   , 30607
"<record model=""res.partner"" id=""gemeinde", 70797, """><field name=""member_of_city_alliance"">True</field></record>", True, "<record model=""res.partner"" id=""gemeinde70614""><field name=""member_of_city_alliance"">True</field></record>", , Berndorf                       , 30605
"<record model=""res.partner"" id=""gemeinde", 70798, """><field name=""member_of_city_alliance"">True</field></record>", True, "<record model=""res.partner"" id=""gemeinde70614""><field name=""member_of_city_alliance"">True</field></record>", , Bad Vöslau                     , 30603
"<record model=""res.partner"" id=""gemeinde", 70799, """><field name=""member_of_city_alliance"">True</field></record>", True, "<record model=""res.partner"" id=""gemeinde70614""><field name=""member_of_city_alliance"">True</field></record>", , St. Valentin                   , 30531
"<record model=""res.partner"" id=""gemeinde", 70800, """><field name=""member_of_city_alliance"">True</field></record>", True, "<record model=""res.partner"" id=""gemeinde70614""><field name=""member_of_city_alliance"">True</field></record>", , Haag                           , 30514
"<record model=""res.partner"" id=""gemeinde", 70801, """><field name=""member_of_city_alliance"">True</field></record>", True, "<record model=""res.partner"" id=""gemeinde70614""><field name=""member_of_city_alliance"">True</field></record>", , Amstetten                      , 30502
"<record model=""res.partner"" id=""gemeinde", 70802, """><field name=""member_of_city_alliance"">True</field></record>", True, "<record model=""res.partner"" id=""gemeinde70614""><field name=""member_of_city_alliance"">True</field></record>", , Wiener Neustadt                , 30401
"<record model=""res.partner"" id=""gemeinde", 70803, """><field name=""member_of_city_alliance"">True</field></record>", True, "<record model=""res.partner"" id=""gemeinde70614""><field name=""member_of_city_alliance"">True</field></record>", , Waidhofen an der Ybbs          , 30301
"<record model=""res.partner"" id=""gemeinde", 70804, """><field name=""member_of_city_alliance"">True</field></record>", True, "<record model=""res.partner"" id=""gemeinde70614""><field name=""member_of_city_alliance"">True</field></record>", , St. Pölten                     , 30201
"<record model=""res.partner"" id=""gemeinde", 70805, """><field name=""member_of_city_alliance"">True</field></record>", True, "<record model=""res.partner"" id=""gemeinde70614""><field name=""member_of_city_alliance"">True</field></record>", , Krems an der Donau             , 30101
"<record model=""res.partner"" id=""gemeinde", 70806, """><field name=""member_of_city_alliance"">True</field></record>", True, "<record model=""res.partner"" id=""gemeinde70614""><field name=""member_of_city_alliance"">True</field></record>", , Feldkirchen in Kärnten         , 21002
"<record model=""res.partner"" id=""gemeinde", 70807, """><field name=""member_of_city_alliance"">True</field></record>", True, "<record model=""res.partner"" id=""gemeinde70614""><field name=""member_of_city_alliance"">True</field></record>", , Wolfsberg                      , 20923
"<record model=""res.partner"" id=""gemeinde", 70808, """><field name=""member_of_city_alliance"">True</field></record>", True, "<record model=""res.partner"" id=""gemeinde70614""><field name=""member_of_city_alliance"">True</field></record>", , St. Andrä                      , 20913
"<record model=""res.partner"" id=""gemeinde", 70809, """><field name=""member_of_city_alliance"">True</field></record>", True, "<record model=""res.partner"" id=""gemeinde70614""><field name=""member_of_city_alliance"">True</field></record>", , Völkermarkt                    , 20817
"<record model=""res.partner"" id=""gemeinde", 70810, """><field name=""member_of_city_alliance"">True</field></record>", True, "<record model=""res.partner"" id=""gemeinde70614""><field name=""member_of_city_alliance"">True</field></record>", , Eberndorf                      , 20803
"<record model=""res.partner"" id=""gemeinde", 70811, """><field name=""member_of_city_alliance"">True</field></record>", True, "<record model=""res.partner"" id=""gemeinde70614""><field name=""member_of_city_alliance"">True</field></record>", , Wernberg                       , 20727
"<record model=""res.partner"" id=""gemeinde", 70812, """><field name=""member_of_city_alliance"">True</field></record>", True, "<record model=""res.partner"" id=""gemeinde70614""><field name=""member_of_city_alliance"">True</field></record>", , Paternion                      , 20720
"<record model=""res.partner"" id=""gemeinde", 70813, """><field name=""member_of_city_alliance"">True</field></record>", True, "<record model=""res.partner"" id=""gemeinde70614""><field name=""member_of_city_alliance"">True</field></record>", , Arnoldstein                    , 20702
"<record model=""res.partner"" id=""gemeinde", 70814, """><field name=""member_of_city_alliance"">True</field></record>", True, "<record model=""res.partner"" id=""gemeinde70614""><field name=""member_of_city_alliance"">True</field></record>", , Spittal an der Drau            , 20635
"<record model=""res.partner"" id=""gemeinde", 70815, """><field name=""member_of_city_alliance"">True</field></record>", True, "<record model=""res.partner"" id=""gemeinde70614""><field name=""member_of_city_alliance"">True</field></record>", , Radenthein                     , 20630
"<record model=""res.partner"" id=""gemeinde", 70816, """><field name=""member_of_city_alliance"">True</field></record>", True, "<record model=""res.partner"" id=""gemeinde70614""><field name=""member_of_city_alliance"">True</field></record>", , St. Veit an der Glan           , 20527
"<record model=""res.partner"" id=""gemeinde", 70817, """><field name=""member_of_city_alliance"">True</field></record>", True, "<record model=""res.partner"" id=""gemeinde70614""><field name=""member_of_city_alliance"">True</field></record>", , Friesach                       , 20505
"<record model=""res.partner"" id=""gemeinde", 70818, """><field name=""member_of_city_alliance"">True</field></record>", True, "<record model=""res.partner"" id=""gemeinde70614""><field name=""member_of_city_alliance"">True</field></record>", , Moosburg                       , 20421
"<record model=""res.partner"" id=""gemeinde", 70819, """><field name=""member_of_city_alliance"">True</field></record>", True, "<record model=""res.partner"" id=""gemeinde70614""><field name=""member_of_city_alliance"">True</field></record>", , Krumpendorf am Wörthersee      , 20415
"<record model=""res.partner"" id=""gemeinde", 70820, """><field name=""member_of_city_alliance"">True</field></record>", True, "<record model=""res.partner"" id=""gemeinde70614""><field name=""member_of_city_alliance"">True</field></record>", , Ferlach                        , 20405
"<record model=""res.partner"" id=""gemeinde", 70821, """><field name=""member_of_city_alliance"">True</field></record>", True, "<record model=""res.partner"" id=""gemeinde70614""><field name=""member_of_city_alliance"">True</field></record>", , Ebenthal in Kärnten            , 20402
"<record model=""res.partner"" id=""gemeinde", 70822, """><field name=""member_of_city_alliance"">True</field></record>", True, "<record model=""res.partner"" id=""gemeinde70614""><field name=""member_of_city_alliance"">True</field></record>", , Villach                        , 20201
"<record model=""res.partner"" id=""gemeinde", 70823, """><field name=""member_of_city_alliance"">True</field></record>", True, "<record model=""res.partner"" id=""gemeinde70614""><field name=""member_of_city_alliance"">True</field></record>", , Klagenfurt am Wörthersee       , 20101
"<record model=""res.partner"" id=""gemeinde", 70824, """><field name=""member_of_city_alliance"">True</field></record>", True, "<record model=""res.partner"" id=""gemeinde70614""><field name=""member_of_city_alliance"">True</field></record>", , Stadtschlaining                , 10923
"<record model=""res.partner"" id=""gemeinde", 70825, """><field name=""member_of_city_alliance"">True</field></record>", True, "<record model=""res.partner"" id=""gemeinde70614""><field name=""member_of_city_alliance"">True</field></record>", , Pinkafeld                      , 10918
"<record model=""res.partner"" id=""gemeinde", 70826, """><field name=""member_of_city_alliance"">True</field></record>", True, "<record model=""res.partner"" id=""gemeinde70614""><field name=""member_of_city_alliance"">True</field></record>", , Oberwart                       , 10917
"<record model=""res.partner"" id=""gemeinde", 70827, """><field name=""member_of_city_alliance"">True</field></record>", True, "<record model=""res.partner"" id=""gemeinde70614""><field name=""member_of_city_alliance"">True</field></record>", , Oberpullendorf                 , 10816
"<record model=""res.partner"" id=""gemeinde", 70828, """><field name=""member_of_city_alliance"">True</field></record>", True, "<record model=""res.partner"" id=""gemeinde70614""><field name=""member_of_city_alliance"">True</field></record>", , Neusiedl am See                , 10713
"<record model=""res.partner"" id=""gemeinde", 70829, """><field name=""member_of_city_alliance"">True</field></record>", True, "<record model=""res.partner"" id=""gemeinde70614""><field name=""member_of_city_alliance"">True</field></record>", , Frauenkirchen                  , 10705
"<record model=""res.partner"" id=""gemeinde", 70830, """><field name=""member_of_city_alliance"">True</field></record>", True, "<record model=""res.partner"" id=""gemeinde70614""><field name=""member_of_city_alliance"">True</field></record>", , Bruckneudorf                   , 10703
"<record model=""res.partner"" id=""gemeinde", 70831, """><field name=""member_of_city_alliance"">True</field></record>", True, "<record model=""res.partner"" id=""gemeinde70614""><field name=""member_of_city_alliance"">True</field></record>", , Andau                          , 10701
"<record model=""res.partner"" id=""gemeinde", 70832, """><field name=""member_of_city_alliance"">True</field></record>", True, "<record model=""res.partner"" id=""gemeinde70614""><field name=""member_of_city_alliance"">True</field></record>", , Neudörfl                       , 10607
"<record model=""res.partner"" id=""gemeinde", 70833, """><field name=""member_of_city_alliance"">True</field></record>", True, "<record model=""res.partner"" id=""gemeinde70614""><field name=""member_of_city_alliance"">True</field></record>", , Mattersburg                    , 10606
"<record model=""res.partner"" id=""gemeinde", 70834, """><field name=""member_of_city_alliance"">True</field></record>", True, "<record model=""res.partner"" id=""gemeinde70614""><field name=""member_of_city_alliance"">True</field></record>", , Jennersdorf                    , 10504
"<record model=""res.partner"" id=""gemeinde", 70835, """><field name=""member_of_city_alliance"">True</field></record>", True, "<record model=""res.partner"" id=""gemeinde70614""><field name=""member_of_city_alliance"">True</field></record>", , Güssing                        , 10405
"<record model=""res.partner"" id=""gemeinde", 70836, """><field name=""member_of_city_alliance"">True</field></record>", True, "<record model=""res.partner"" id=""gemeinde70614""><field name=""member_of_city_alliance"">True</field></record>", , Neufeld an der Leitha          , 10309
"<record model=""res.partner"" id=""gemeinde", 70837, """><field name=""member_of_city_alliance"">True</field></record>", True, "<record model=""res.partner"" id=""gemeinde70614""><field name=""member_of_city_alliance"">True</field></record>", , Rust                           , 10201
"<record model=""res.partner"" id=""gemeinde", 70838, """><field name=""member_of_city_alliance"">True</field></record>", True, "<record model=""res.partner"" id=""gemeinde70614""><field name=""member_of_city_alliance"">True</field></record>", , Eisenstadt                     , 10101
"<record model=""res.partner"" id=""gemeinde", 70839, """><field name=""member_of_city_alliance"">True</field></record>", True, "<record model=""res.partner"" id=""gemeinde70614""><field name=""member_of_city_alliance"">True</field></record>", , Hermagor-Pressegger See        , 20305
"<record model=""res.partner"" id=""gemeinde", 70840, """><field name=""member_of_city_alliance"">True</field></record>", True, "<record model=""res.partner"" id=""gemeinde70614""><field name=""member_of_city_alliance"">True</field></record>", , Velden am Wörther See          , 20725
"<record model=""res.partner"" id=""gemeinde", 70841, """><field name=""member_of_city_alliance"">True</field></record>", True, "<record model=""res.partner"" id=""gemeinde70614""><field name=""member_of_city_alliance"">True</field></record>", , Bad Goisern am Hallstättersee  , 40702
"<record model=""res.partner"" id=""gemeinde", 70842, """><field name=""member_of_city_alliance"">True</field></record>", True, "<record model=""res.partner"" id=""gemeinde70614""><field name=""member_of_city_alliance"">True</field></record>", , Feldkirchen an der Donau       , 41606
"<record model=""res.partner"" id=""gemeinde", 70843, """><field name=""member_of_city_alliance"">True</field></record>", True, "<record model=""res.partner"" id=""gemeinde70614""><field name=""member_of_city_alliance"">True</field></record>", , Kirchdorf an der Krems         , 40905
"<record model=""res.partner"" id=""gemeinde", 70844, """><field name=""member_of_city_alliance"">True</field></record>", True, "<record model=""res.partner"" id=""gemeinde70614""><field name=""member_of_city_alliance"">True</field></record>", , Baden                          , 30604
"<record model=""res.partner"" id=""gemeinde", 70845, """><field name=""member_of_city_alliance"">True</field></record>", True, "<record model=""res.partner"" id=""gemeinde70614""><field name=""member_of_city_alliance"">True</field></record>", , Brand-Nagelberg                , 30903
"<record model=""res.partner"" id=""gemeinde", 70846, """><field name=""member_of_city_alliance"">True</field></record>", True, "<record model=""res.partner"" id=""gemeinde70614""><field name=""member_of_city_alliance"">True</field></record>", , Bruck an der Leitha            , 30704
"<record model=""res.partner"" id=""gemeinde", 70847, """><field name=""member_of_city_alliance"">True</field></record>", True, "<record model=""res.partner"" id=""gemeinde70614""><field name=""member_of_city_alliance"">True</field></record>", , Guntramsdorf                   , 31710
"<record model=""res.partner"" id=""gemeinde", 70848, """><field name=""member_of_city_alliance"">True</field></record>", True, "<record model=""res.partner"" id=""gemeinde70614""><field name=""member_of_city_alliance"">True</field></record>", , Enzersdorf an der Fischa       , 30706
"<record model=""res.partner"" id=""gemeinde", 70849, """><field name=""member_of_city_alliance"">True</field></record>", True, "<record model=""res.partner"" id=""gemeinde70614""><field name=""member_of_city_alliance"">True</field></record>", , Hohenau an der March           , 30827
"<record model=""res.partner"" id=""gemeinde", 70850, """><field name=""member_of_city_alliance"">True</field></record>", True, "<record model=""res.partner"" id=""gemeinde70614""><field name=""member_of_city_alliance"">True</field></record>", , Wolkersdorf                    , 31655
"<record model=""res.partner"" id=""gemeinde", 70851, """><field name=""member_of_city_alliance"">True</field></record>", True, "<record model=""res.partner"" id=""gemeinde70614""><field name=""member_of_city_alliance"">True</field></record>", , Breitenau am Hochlantsch       , 62105
"<record model=""res.partner"" id=""gemeinde", 70852, """><field name=""member_of_city_alliance"">True</field></record>", True, "<record model=""res.partner"" id=""gemeinde70614""><field name=""member_of_city_alliance"">True</field></record>", , Bruck an der Mur               , 62139
"<record model=""res.partner"" id=""gemeinde", 70853, """><field name=""member_of_city_alliance"">True</field></record>", True, "<record model=""res.partner"" id=""gemeinde70614""><field name=""member_of_city_alliance"">True</field></record>", , Sankt Barbara im Mürztal       , 62145
"<record model=""res.partner"" id=""gemeinde", 70854, """><field name=""member_of_city_alliance"">True</field></record>", True, "<record model=""res.partner"" id=""gemeinde70614""><field name=""member_of_city_alliance"">True</field></record>", , Sankt Johann in der Haide      , 62244
"<record model=""res.partner"" id=""gemeinde", 70855, """><field name=""member_of_city_alliance"">True</field></record>", True, "<record model=""res.partner"" id=""gemeinde70614""><field name=""member_of_city_alliance"">True</field></record>", , Sankt Michael in Obersteiermark, 61113
"<record model=""res.partner"" id=""gemeinde", 70856, """><field name=""member_of_city_alliance"">True</field></record>", True, "<record model=""res.partner"" id=""gemeinde70614""><field name=""member_of_city_alliance"">True</field></record>", , St. Peter am Kammersberg       , 61425
"<record model=""res.partner"" id=""gemeinde", 70857, """><field name=""member_of_city_alliance"">True</field></record>", True, "<record model=""res.partner"" id=""gemeinde70614""><field name=""member_of_city_alliance"">True</field></record>", , Mautern an der Donau           , 31327
"<record model=""res.partner"" id=""gemeinde", 70858, """><field name=""member_of_city_alliance"">True</field></record>", True, "<record model=""res.partner"" id=""gemeinde70614""><field name=""member_of_city_alliance"">True</field></record>", , Mistelbach                     , 31633
"<record model=""res.partner"" id=""gemeinde", 70859, """><field name=""member_of_city_alliance"">True</field></record>", True, "<record model=""res.partner"" id=""gemeinde70614""><field name=""member_of_city_alliance"">True</field></record>", , Zwettl-Niederösterreich        , 32530
"<record model=""res.partner"" id=""gemeinde", 70860, """><field name=""member_of_city_alliance"">True</field></record>", True, "<record model=""res.partner"" id=""gemeinde70614""><field name=""member_of_city_alliance"">True</field></record>", , Sankt Johann im Pongau         , 50418
"<record model=""res.partner"" id=""gemeinde", 70861, """><field name=""member_of_city_alliance"">True</field></record>", True, "<record model=""res.partner"" id=""gemeinde70614""><field name=""member_of_city_alliance"">True</field></record>", , Althofen                       , 20501
